区域,并发,进程数,轮数,冷请求数,冷成功数,冷失败数,错误率,冷P50_ms,冷P95_ms,冷P99_ms,冷最大_ms,暖成功数,暖P99_ms,Owner
cn-northwest-1,1,1,3,3,3,0,0.000000%,1860.812584,1883.590856,1883.590856,1883.590856,3,196.933341,River
cn-northwest-1,10,8,3,30,30,0,0.000000%,1760.838937,1962.290539,2048.198083,2048.198083,30,371.282509,River
cn-northwest-1,50,8,3,150,150,0,0.000000%,1702.065601,2273.845616,2422.953873,2461.316579,150,220.807214,River
cn-northwest-1,100,8,3,300,294,6,2.000000%,1688.307701,2236.752650,2823.711739,2949.953681,294,155.379936,River
cn-northwest-1,200,8,3,600,332,268,44.666667%,1722.570568,2673.274801,3029.863715,3170.102051,332,169.366349,River
cn-north-1,1,1,3,3,3,0,0.000000%,1939.545795,2073.408047,2073.408047,2073.408047,3,226.457470,River
cn-north-1,10,8,3,30,30,0,0.000000%,1730.432492,2100.862622,2111.125036,2111.125036,30,211.969365,River
cn-north-1,50,8,3,150,150,0,0.000000%,1690.151478,2152.532129,2374.915974,2501.553355,150,202.798600,River
cn-north-1,100,8,3,300,255,45,15.000000%,1693.922960,2046.326281,2200.424669,2295.703576,255,183.631050,River
cn-north-1,200,8,3,600,338,262,43.666667%,1681.953074,2113.668322,2992.592866,3340.057676,338,186.244464,River
